----------------------------------------------------------------------------------------------------,
Accel-Sim-build,
APPS,QV100-SASS
backprop-rodinia-2.0-ft/4096___data_result_4096_txt--all_kernels,accelsim-commit-f28591a_modified_3.0_26-04-05-02-41-23
bfs-rodinia-2.0-ft/__data_graph4096_txt___data_graph4096_result_txt--all_kernels,accelsim-commit-f28591a_modified_3.0_26-04-05-02-41-23
hotspot-rodinia-2.0-ft/30_6_40___data_result_30_6_40_txt--all_kernels,accelsim-commit-f28591a_modified_3.0_26-04-05-02-41-23
heartwall-rodinia-2.0-ft/__data_test_avi_1___data_result_1_txt--all_kernels,accelsim-commit-f28591a_modified_3.0_26-04-05-02-41-23
lud-rodinia-2.0-ft/_v__b__i___data_64_dat--all_kernels,accelsim-commit-f28591a_modified_3.0_26-04-05-02-41-23
nw-rodinia-2.0-ft/128_10___data_result_128_10_txt--all_kernels,accelsim-commit-f28591a_modified_3.0_26-04-05-02-41-23
nn-rodinia-2.0-ft/__data_filelist_4_3_30_90___data_filelist_4_3_30_90_result_txt--all_kernels,accelsim-commit-f28591a_modified_3.0_26-04-05-02-41-23
pathfinder-rodinia-2.0-ft/1000_20_5___data_result_1000_20_5_txt--all_kernels,accelsim-commit-f28591a_modified_3.0_26-04-05-02-41-23
srad_v2-rodinia-2.0-ft/__data_matrix128x128_txt_0_127_0_127__5_2___data_result_matrix128x128_1_150_1_100__5_2_txt--all_kernels,accelsim-commit-f28591a_modified_3.0_26-04-05-02-41-23
streamcluster-rodinia-2.0-ft/3_6_16_1024_1024_100_none_output_txt_1___data_result_3_6_16_1024_1024_100_none_1_txt--all_kernels,accelsim-commit-f28591a_modified_3.0_26-04-05-02-41-23

----------------------------------------------------------------------------------------------------,
GPGPU-Sim-build,
APPS,QV100-SASS
backprop-rodinia-2.0-ft/4096___data_result_4096_txt--all_kernels,gpgpu-sim_git-commit-_modified_0.0
bfs-rodinia-2.0-ft/__data_graph4096_txt___data_graph4096_result_txt--all_kernels,gpgpu-sim_git-commit-_modified_0.0
hotspot-rodinia-2.0-ft/30_6_40___data_result_30_6_40_txt--all_kernels,gpgpu-sim_git-commit-_modified_0.0
heartwall-rodinia-2.0-ft/__data_test_avi_1___data_result_1_txt--all_kernels,gpgpu-sim_git-commit-_modified_0.0
lud-rodinia-2.0-ft/_v__b__i___data_64_dat--all_kernels,gpgpu-sim_git-commit-_modified_0.0
nw-rodinia-2.0-ft/128_10___data_result_128_10_txt--all_kernels,gpgpu-sim_git-commit-_modified_0.0
nn-rodinia-2.0-ft/__data_filelist_4_3_30_90___data_filelist_4_3_30_90_result_txt--all_kernels,gpgpu-sim_git-commit-_modified_0.0
pathfinder-rodinia-2.0-ft/1000_20_5___data_result_1000_20_5_txt--all_kernels,gpgpu-sim_git-commit-_modified_0.0
srad_v2-rodinia-2.0-ft/__data_matrix128x128_txt_0_127_0_127__5_2___data_result_matrix128x128_1_150_1_100__5_2_txt--all_kernels,gpgpu-sim_git-commit-_modified_0.0
streamcluster-rodinia-2.0-ft/3_6_16_1024_1024_100_none_output_txt_1___data_result_3_6_16_1024_1024_100_none_1_txt--all_kernels,gpgpu-sim_git-commit-_modified_0.0

----------------------------------------------------------------------------------------------------,
gpu_tot_sim_insn\s*=\s*(.*),
APPS,QV100-SASS
backprop-rodinia-2.0-ft/4096___data_result_4096_txt--final_kernel,10473824
bfs-rodinia-2.0-ft/__data_graph4096_txt___data_graph4096_result_txt--final_kernel,1210998
hotspot-rodinia-2.0-ft/30_6_40___data_result_30_6_40_txt--final_kernel,33950092
heartwall-rodinia-2.0-ft/__data_test_avi_1___data_result_1_txt--final_kernel,7329465
lud-rodinia-2.0-ft/_v__b__i___data_64_dat--final_kernel,418884
nw-rodinia-2.0-ft/128_10___data_result_128_10_txt--final_kernel,595236
nn-rodinia-2.0-ft/__data_filelist_4_3_30_90___data_filelist_4_3_30_90_result_txt--final_kernel,6714538
pathfinder-rodinia-2.0-ft/1000_20_5___data_result_1000_20_5_txt--final_kernel,1059640
srad_v2-rodinia-2.0-ft/__data_matrix128x128_txt_0_127_0_127__5_2___data_result_matrix128x128_1_150_1_100__5_2_txt--final_kernel,10888254
streamcluster-rodinia-2.0-ft/3_6_16_1024_1024_100_none_output_txt_1___data_result_3_6_16_1024_1024_100_none_1_txt--final_kernel,20365977

----------------------------------------------------------------------------------------------------,
gpgpu_simulation_time\s*=.*\(([0-9]+) sec\).*,
APPS,QV100-SASS
backprop-rodinia-2.0-ft/4096___data_result_4096_txt--final_kernel,16
bfs-rodinia-2.0-ft/__data_graph4096_txt___data_graph4096_result_txt--final_kernel,14
hotspot-rodinia-2.0-ft/30_6_40___data_result_30_6_40_txt--final_kernel,23
heartwall-rodinia-2.0-ft/__data_test_avi_1___data_result_1_txt--final_kernel,9
lud-rodinia-2.0-ft/_v__b__i___data_64_dat--final_kernel,11
nw-rodinia-2.0-ft/128_10___data_result_128_10_txt--final_kernel,13
nn-rodinia-2.0-ft/__data_filelist_4_3_30_90___data_filelist_4_3_30_90_result_txt--final_kernel,28
pathfinder-rodinia-2.0-ft/1000_20_5___data_result_1000_20_5_txt--final_kernel,4
srad_v2-rodinia-2.0-ft/__data_matrix128x128_txt_0_127_0_127__5_2___data_result_matrix128x128_1_150_1_100__5_2_txt--final_kernel,14
streamcluster-rodinia-2.0-ft/3_6_16_1024_1024_100_none_output_txt_1___data_result_3_6_16_1024_1024_100_none_1_txt--final_kernel,78

----------------------------------------------------------------------------------------------------,
gpu_tot_sim_cycle\s*=\s*(.*),
APPS,QV100-SASS
backprop-rodinia-2.0-ft/4096___data_result_4096_txt--final_kernel,15124
bfs-rodinia-2.0-ft/__data_graph4096_txt___data_graph4096_result_txt--final_kernel,123224
hotspot-rodinia-2.0-ft/30_6_40___data_result_30_6_40_txt--final_kernel,54656
heartwall-rodinia-2.0-ft/__data_test_avi_1___data_result_1_txt--final_kernel,9424
lud-rodinia-2.0-ft/_v__b__i___data_64_dat--final_kernel,128434
nw-rodinia-2.0-ft/128_10___data_result_128_10_txt--final_kernel,138003
nn-rodinia-2.0-ft/__data_filelist_4_3_30_90___data_filelist_4_3_30_90_result_txt--final_kernel,30510
pathfinder-rodinia-2.0-ft/1000_20_5___data_result_1000_20_5_txt--final_kernel,31487
srad_v2-rodinia-2.0-ft/__data_matrix128x128_txt_0_127_0_127__5_2___data_result_matrix128x128_1_150_1_100__5_2_txt--final_kernel,30075
streamcluster-rodinia-2.0-ft/3_6_16_1024_1024_100_none_output_txt_1___data_result_3_6_16_1024_1024_100_none_1_txt--final_kernel,1178805

----------------------------------------------------------------------------------------------------,
\s+L2_cache_stats_breakdown\[GLOBAL_ACC_R\]\[HIT\]\s*=\s*(.*),
APPS,QV100-SASS
backprop-rodinia-2.0-ft/4096___data_result_4096_txt--final_kernel,10100
bfs-rodinia-2.0-ft/__data_graph4096_txt___data_graph4096_result_txt--final_kernel,9506
hotspot-rodinia-2.0-ft/30_6_40___data_result_30_6_40_txt--final_kernel,26257
heartwall-rodinia-2.0-ft/__data_test_avi_1___data_result_1_txt--final_kernel,7777
lud-rodinia-2.0-ft/_v__b__i___data_64_dat--final_kernel,1536
nw-rodinia-2.0-ft/128_10___data_result_128_10_txt--final_kernel,1167
nn-rodinia-2.0-ft/__data_filelist_4_3_30_90___data_filelist_4_3_30_90_result_txt--final_kernel,59064
pathfinder-rodinia-2.0-ft/1000_20_5___data_result_1000_20_5_txt--final_kernel,407
srad_v2-rodinia-2.0-ft/__data_matrix128x128_txt_0_127_0_127__5_2___data_result_matrix128x128_1_150_1_100__5_2_txt--final_kernel,31440
streamcluster-rodinia-2.0-ft/3_6_16_1024_1024_100_none_output_txt_1___data_result_3_6_16_1024_1024_100_none_1_txt--final_kernel,441508

----------------------------------------------------------------------------------------------------,
\s+L2_cache_stats_breakdown\[GLOBAL_ACC_R\]\[TOTAL_ACCESS\]\s*=\s*(.*),
APPS,QV100-SASS
backprop-rodinia-2.0-ft/4096___data_result_4096_txt--final_kernel,28501
bfs-rodinia-2.0-ft/__data_graph4096_txt___data_graph4096_result_txt--final_kernel,14474
hotspot-rodinia-2.0-ft/30_6_40___data_result_30_6_40_txt--final_kernel,27043
heartwall-rodinia-2.0-ft/__data_test_avi_1___data_result_1_txt--final_kernel,18819
lud-rodinia-2.0-ft/_v__b__i___data_64_dat--final_kernel,2048
nw-rodinia-2.0-ft/128_10___data_result_128_10_txt--final_kernel,4160
nn-rodinia-2.0-ft/__data_filelist_4_3_30_90___data_filelist_4_3_30_90_result_txt--final_kernel,78752
pathfinder-rodinia-2.0-ft/1000_20_5___data_result_1000_20_5_txt--final_kernel,3020
srad_v2-rodinia-2.0-ft/__data_matrix128x128_txt_0_127_0_127__5_2___data_result_matrix128x128_1_150_1_100__5_2_txt--final_kernel,35584
streamcluster-rodinia-2.0-ft/3_6_16_1024_1024_100_none_output_txt_1___data_result_3_6_16_1024_1024_100_none_1_txt--final_kernel,462398

----------------------------------------------------------------------------------------------------,
\s+L2_cache_stats_breakdown\[GLOBAL_ACC_W\]\[HIT\]\s*=\s*(.*),
APPS,QV100-SASS
backprop-rodinia-2.0-ft/4096___data_result_4096_txt--final_kernel,32262
bfs-rodinia-2.0-ft/__data_graph4096_txt___data_graph4096_result_txt--final_kernel,15826
hotspot-rodinia-2.0-ft/30_6_40___data_result_30_6_40_txt--final_kernel,1962
heartwall-rodinia-2.0-ft/__data_test_avi_1___data_result_1_txt--final_kernel,3838
lud-rodinia-2.0-ft/_v__b__i___data_64_dat--final_kernel,1780
nw-rodinia-2.0-ft/128_10___data_result_128_10_txt--final_kernel,1007
nn-rodinia-2.0-ft/__data_filelist_4_3_30_90___data_filelist_4_3_30_90_result_txt--final_kernel,5625
pathfinder-rodinia-2.0-ft/1000_20_5___data_result_1000_20_5_txt--final_kernel,500
srad_v2-rodinia-2.0-ft/__data_matrix128x128_txt_0_127_0_127__5_2___data_result_matrix128x128_1_150_1_100__5_2_txt--final_kernel,4128
streamcluster-rodinia-2.0-ft/3_6_16_1024_1024_100_none_output_txt_1___data_result_3_6_16_1024_1024_100_none_1_txt--final_kernel,50498

----------------------------------------------------------------------------------------------------,
\s+L2_cache_stats_breakdown\[GLOBAL_ACC_W\]\[TOTAL_ACCESS\]\s*=\s*(.*),
APPS,QV100-SASS
backprop-rodinia-2.0-ft/4096___data_result_4096_txt--final_kernel,32774
bfs-rodinia-2.0-ft/__data_graph4096_txt___data_graph4096_result_txt--final_kernel,16620
hotspot-rodinia-2.0-ft/30_6_40___data_result_30_6_40_txt--final_kernel,1962
heartwall-rodinia-2.0-ft/__data_test_avi_1___data_result_1_txt--final_kernel,20522
lud-rodinia-2.0-ft/_v__b__i___data_64_dat--final_kernel,1780
nw-rodinia-2.0-ft/128_10___data_result_128_10_txt--final_kernel,2944
nn-rodinia-2.0-ft/__data_filelist_4_3_30_90___data_filelist_4_3_30_90_result_txt--final_kernel,7500
pathfinder-rodinia-2.0-ft/1000_20_5___data_result_1000_20_5_txt--final_kernel,625
srad_v2-rodinia-2.0-ft/__data_matrix128x128_txt_0_127_0_127__5_2___data_result_matrix128x128_1_150_1_100__5_2_txt--final_kernel,24576
streamcluster-rodinia-2.0-ft/3_6_16_1024_1024_100_none_output_txt_1___data_result_3_6_16_1024_1024_100_none_1_txt--final_kernel,50539

----------------------------------------------------------------------------------------------------,
\s+Total_core_cache_stats_breakdown\[GLOBAL_ACC_R\]\[TOTAL_ACCESS\]\s*=\s*(.*),
APPS,QV100-SASS
backprop-rodinia-2.0-ft/4096___data_result_4096_txt--final_kernel,62589
bfs-rodinia-2.0-ft/__data_graph4096_txt___data_graph4096_result_txt--final_kernel,70378
hotspot-rodinia-2.0-ft/30_6_40___data_result_30_6_40_txt--final_kernel,27143
heartwall-rodinia-2.0-ft/__data_test_avi_1___data_result_1_txt--final_kernel,30987
lud-rodinia-2.0-ft/_v__b__i___data_64_dat--final_kernel,2048
nw-rodinia-2.0-ft/128_10___data_result_128_10_txt--final_kernel,4224
nn-rodinia-2.0-ft/__data_filelist_4_3_30_90___data_filelist_4_3_30_90_result_txt--final_kernel,480000
pathfinder-rodinia-2.0-ft/1000_20_5___data_result_1000_20_5_txt--final_kernel,3660
srad_v2-rodinia-2.0-ft/__data_matrix128x128_txt_0_127_0_127__5_2___data_result_matrix128x128_1_150_1_100__5_2_txt--final_kernel,42496
streamcluster-rodinia-2.0-ft/3_6_16_1024_1024_100_none_output_txt_1___data_result_3_6_16_1024_1024_100_none_1_txt--final_kernel,638866

----------------------------------------------------------------------------------------------------,
\s+Total_core_cache_stats_breakdown\[GLOBAL_ACC_R\]\[HIT\]\s*=\s*(.*),
APPS,QV100-SASS
backprop-rodinia-2.0-ft/4096___data_result_4096_txt--final_kernel,24726
bfs-rodinia-2.0-ft/__data_graph4096_txt___data_graph4096_result_txt--final_kernel,54165
hotspot-rodinia-2.0-ft/30_6_40___data_result_30_6_40_txt--final_kernel,0
heartwall-rodinia-2.0-ft/__data_test_avi_1___data_result_1_txt--final_kernel,8603
lud-rodinia-2.0-ft/_v__b__i___data_64_dat--final_kernel,0
nw-rodinia-2.0-ft/128_10___data_result_128_10_txt--final_kernel,64
nn-rodinia-2.0-ft/__data_filelist_4_3_30_90___data_filelist_4_3_30_90_result_txt--final_kernel,65030
pathfinder-rodinia-2.0-ft/1000_20_5___data_result_1000_20_5_txt--final_kernel,0
srad_v2-rodinia-2.0-ft/__data_matrix128x128_txt_0_127_0_127__5_2___data_result_matrix128x128_1_150_1_100__5_2_txt--final_kernel,864
streamcluster-rodinia-2.0-ft/3_6_16_1024_1024_100_none_output_txt_1___data_result_3_6_16_1024_1024_100_none_1_txt--final_kernel,41801

----------------------------------------------------------------------------------------------------,
\s+Total_core_cache_stats_breakdown\[GLOBAL_ACC_W\]\[HIT\]\s*=\s*(.*),
APPS,QV100-SASS
backprop-rodinia-2.0-ft/4096___data_result_4096_txt--final_kernel,32262
bfs-rodinia-2.0-ft/__data_graph4096_txt___data_graph4096_result_txt--final_kernel,9178
hotspot-rodinia-2.0-ft/30_6_40___data_result_30_6_40_txt--final_kernel,1711
heartwall-rodinia-2.0-ft/__data_test_avi_1___data_result_1_txt--final_kernel,3794
lud-rodinia-2.0-ft/_v__b__i___data_64_dat--final_kernel,1780
nw-rodinia-2.0-ft/128_10___data_result_128_10_txt--final_kernel,896
nn-rodinia-2.0-ft/__data_filelist_4_3_30_90___data_filelist_4_3_30_90_result_txt--final_kernel,0
pathfinder-rodinia-2.0-ft/1000_20_5___data_result_1000_20_5_txt--final_kernel,112
srad_v2-rodinia-2.0-ft/__data_matrix128x128_txt_0_127_0_127__5_2___data_result_matrix128x128_1_150_1_100__5_2_txt--final_kernel,4096
streamcluster-rodinia-2.0-ft/3_6_16_1024_1024_100_none_output_txt_1___data_result_3_6_16_1024_1024_100_none_1_txt--final_kernel,47092

----------------------------------------------------------------------------------------------------,
\s+Total_core_cache_stats_breakdown\[GLOBAL_ACC_W\]\[TOTAL_ACCESS\]\s*=\s*(.*),
APPS,QV100-SASS
backprop-rodinia-2.0-ft/4096___data_result_4096_txt--final_kernel,32774
bfs-rodinia-2.0-ft/__data_graph4096_txt___data_graph4096_result_txt--final_kernel,16620
hotspot-rodinia-2.0-ft/30_6_40___data_result_30_6_40_txt--final_kernel,1962
heartwall-rodinia-2.0-ft/__data_test_avi_1___data_result_1_txt--final_kernel,20522
lud-rodinia-2.0-ft/_v__b__i___data_64_dat--final_kernel,1780
nw-rodinia-2.0-ft/128_10___data_result_128_10_txt--final_kernel,2944
nn-rodinia-2.0-ft/__data_filelist_4_3_30_90___data_filelist_4_3_30_90_result_txt--final_kernel,7500
pathfinder-rodinia-2.0-ft/1000_20_5___data_result_1000_20_5_txt--final_kernel,625
srad_v2-rodinia-2.0-ft/__data_matrix128x128_txt_0_127_0_127__5_2___data_result_matrix128x128_1_150_1_100__5_2_txt--final_kernel,24576
streamcluster-rodinia-2.0-ft/3_6_16_1024_1024_100_none_output_txt_1___data_result_3_6_16_1024_1024_100_none_1_txt--final_kernel,50539

----------------------------------------------------------------------------------------------------,
\s+Total_core_cache_stats_breakdown\[GLOBAL_ACC_R\]\[MSHR_HIT\]\s*=\s*(.*),
APPS,QV100-SASS
backprop-rodinia-2.0-ft/4096___data_result_4096_txt--final_kernel,9362
bfs-rodinia-2.0-ft/__data_graph4096_txt___data_graph4096_result_txt--final_kernel,1739
hotspot-rodinia-2.0-ft/30_6_40___data_result_30_6_40_txt--final_kernel,100
heartwall-rodinia-2.0-ft/__data_test_avi_1___data_result_1_txt--final_kernel,3565
lud-rodinia-2.0-ft/_v__b__i___data_64_dat--final_kernel,0
nw-rodinia-2.0-ft/128_10___data_result_128_10_txt--final_kernel,0
nn-rodinia-2.0-ft/__data_filelist_4_3_30_90___data_filelist_4_3_30_90_result_txt--final_kernel,336218
pathfinder-rodinia-2.0-ft/1000_20_5___data_result_1000_20_5_txt--final_kernel,640
srad_v2-rodinia-2.0-ft/__data_matrix128x128_txt_0_127_0_127__5_2___data_result_matrix128x128_1_150_1_100__5_2_txt--final_kernel,6048
streamcluster-rodinia-2.0-ft/3_6_16_1024_1024_100_none_output_txt_1___data_result_3_6_16_1024_1024_100_none_1_txt--final_kernel,134667

----------------------------------------------------------------------------------------------------,
gpgpu_n_tot_w_icount\s*=\s*(.*),
APPS,QV100-SASS
backprop-rodinia-2.0-ft/4096___data_result_4096_txt--final_kernel,382999
bfs-rodinia-2.0-ft/__data_graph4096_txt___data_graph4096_result_txt--final_kernel,158976
hotspot-rodinia-2.0-ft/30_6_40___data_result_30_6_40_txt--final_kernel,1289966
heartwall-rodinia-2.0-ft/__data_test_avi_1___data_result_1_txt--final_kernel,265047
lud-rodinia-2.0-ft/_v__b__i___data_64_dat--final_kernel,31738
nw-rodinia-2.0-ft/128_10___data_result_128_10_txt--final_kernel,51944
nn-rodinia-2.0-ft/__data_filelist_4_3_30_90___data_filelist_4_3_30_90_result_txt--final_kernel,646592
pathfinder-rodinia-2.0-ft/1000_20_5___data_result_1000_20_5_txt--final_kernel,36689
srad_v2-rodinia-2.0-ft/__data_matrix128x128_txt_0_127_0_127__5_2___data_result_matrix128x128_1_150_1_100__5_2_txt--final_kernel,388096
streamcluster-rodinia-2.0-ft/3_6_16_1024_1024_100_none_output_txt_1___data_result_3_6_16_1024_1024_100_none_1_txt--final_kernel,706680

----------------------------------------------------------------------------------------------------,
total dram reads\s*=\s*(.*),
APPS,QV100-SASS
backprop-rodinia-2.0-ft/4096___data_result_4096_txt--final_kernel,17993
bfs-rodinia-2.0-ft/__data_graph4096_txt___data_graph4096_result_txt--final_kernel,4954
hotspot-rodinia-2.0-ft/30_6_40___data_result_30_6_40_txt--final_kernel,257
heartwall-rodinia-2.0-ft/__data_test_avi_1___data_result_1_txt--final_kernel,10226
lud-rodinia-2.0-ft/_v__b__i___data_64_dat--final_kernel,512
nw-rodinia-2.0-ft/128_10___data_result_128_10_txt--final_kernel,2993
nn-rodinia-2.0-ft/__data_filelist_4_3_30_90___data_filelist_4_3_30_90_result_txt--final_kernel,19688
pathfinder-rodinia-2.0-ft/1000_20_5___data_result_1000_20_5_txt--final_kernel,2503
srad_v2-rodinia-2.0-ft/__data_matrix128x128_txt_0_127_0_127__5_2___data_result_matrix128x128_1_150_1_100__5_2_txt--final_kernel,4144
streamcluster-rodinia-2.0-ft/3_6_16_1024_1024_100_none_output_txt_1___data_result_3_6_16_1024_1024_100_none_1_txt--final_kernel,20868

----------------------------------------------------------------------------------------------------,
total dram writes\s*=\s*(.*),
APPS,QV100-SASS
backprop-rodinia-2.0-ft/4096___data_result_4096_txt--final_kernel,0
bfs-rodinia-2.0-ft/__data_graph4096_txt___data_graph4096_result_txt--final_kernel,0
hotspot-rodinia-2.0-ft/30_6_40___data_result_30_6_40_txt--final_kernel,0
heartwall-rodinia-2.0-ft/__data_test_avi_1___data_result_1_txt--final_kernel,0
lud-rodinia-2.0-ft/_v__b__i___data_64_dat--final_kernel,0
nw-rodinia-2.0-ft/128_10___data_result_128_10_txt--final_kernel,0
nn-rodinia-2.0-ft/__data_filelist_4_3_30_90___data_filelist_4_3_30_90_result_txt--final_kernel,0
pathfinder-rodinia-2.0-ft/1000_20_5___data_result_1000_20_5_txt--final_kernel,0
srad_v2-rodinia-2.0-ft/__data_matrix128x128_txt_0_127_0_127__5_2___data_result_matrix128x128_1_150_1_100__5_2_txt--final_kernel,0
streamcluster-rodinia-2.0-ft/3_6_16_1024_1024_100_none_output_txt_1___data_result_3_6_16_1024_1024_100_none_1_txt--final_kernel,0

----------------------------------------------------------------------------------------------------,
kernel_launch_uid\s*=\s*(.*),
APPS,QV100-SASS
backprop-rodinia-2.0-ft/4096___data_result_4096_txt--final_kernel,2
bfs-rodinia-2.0-ft/__data_graph4096_txt___data_graph4096_result_txt--final_kernel,16
hotspot-rodinia-2.0-ft/30_6_40___data_result_30_6_40_txt--final_kernel,7
heartwall-rodinia-2.0-ft/__data_test_avi_1___data_result_1_txt--final_kernel,1
lud-rodinia-2.0-ft/_v__b__i___data_64_dat--final_kernel,10
nw-rodinia-2.0-ft/128_10___data_result_128_10_txt--final_kernel,15
nn-rodinia-2.0-ft/__data_filelist_4_3_30_90___data_filelist_4_3_30_90_result_txt--final_kernel,4
pathfinder-rodinia-2.0-ft/1000_20_5___data_result_1000_20_5_txt--final_kernel,4
srad_v2-rodinia-2.0-ft/__data_matrix128x128_txt_0_127_0_127__5_2___data_result_matrix128x128_1_150_1_100__5_2_txt--final_kernel,4
streamcluster-rodinia-2.0-ft/3_6_16_1024_1024_100_none_output_txt_1___data_result_3_6_16_1024_1024_100_none_1_txt--final_kernel,130

----------------------------------------------------------------------------------------------------,
gpgpu_n_shmem_bkconflict\s*=\s*(.*),
APPS,QV100-SASS
backprop-rodinia-2.0-ft/4096___data_result_4096_txt--final_kernel,0
bfs-rodinia-2.0-ft/__data_graph4096_txt___data_graph4096_result_txt--final_kernel,0
hotspot-rodinia-2.0-ft/30_6_40___data_result_30_6_40_txt--final_kernel,18272
heartwall-rodinia-2.0-ft/__data_test_avi_1___data_result_1_txt--final_kernel,0
lud-rodinia-2.0-ft/_v__b__i___data_64_dat--final_kernel,2898
nw-rodinia-2.0-ft/128_10___data_result_128_10_txt--final_kernel,26880
nn-rodinia-2.0-ft/__data_filelist_4_3_30_90___data_filelist_4_3_30_90_result_txt--final_kernel,0
pathfinder-rodinia-2.0-ft/1000_20_5___data_result_1000_20_5_txt--final_kernel,0
srad_v2-rodinia-2.0-ft/__data_matrix128x128_txt_0_127_0_127__5_2___data_result_matrix128x128_1_150_1_100__5_2_txt--final_kernel,5372
streamcluster-rodinia-2.0-ft/3_6_16_1024_1024_100_none_output_txt_1___data_result_3_6_16_1024_1024_100_none_1_txt--final_kernel,0

----------------------------------------------------------------------------------------------------,
gpgpu_n_l1cache_bkconflict\s*=\s*(.*),
APPS,QV100-SASS
backprop-rodinia-2.0-ft/4096___data_result_4096_txt--final_kernel,54088
bfs-rodinia-2.0-ft/__data_graph4096_txt___data_graph4096_result_txt--final_kernel,17307
hotspot-rodinia-2.0-ft/30_6_40___data_result_30_6_40_txt--final_kernel,6138
heartwall-rodinia-2.0-ft/__data_test_avi_1___data_result_1_txt--final_kernel,2173
lud-rodinia-2.0-ft/_v__b__i___data_64_dat--final_kernel,448
nw-rodinia-2.0-ft/128_10___data_result_128_10_txt--final_kernel,832
nn-rodinia-2.0-ft/__data_filelist_4_3_30_90___data_filelist_4_3_30_90_result_txt--final_kernel,63609
pathfinder-rodinia-2.0-ft/1000_20_5___data_result_1000_20_5_txt--final_kernel,4
srad_v2-rodinia-2.0-ft/__data_matrix128x128_txt_0_127_0_127__5_2___data_result_matrix128x128_1_150_1_100__5_2_txt--final_kernel,26177
streamcluster-rodinia-2.0-ft/3_6_16_1024_1024_100_none_output_txt_1___data_result_3_6_16_1024_1024_100_none_1_txt--final_kernel,252326

----------------------------------------------------------------------------------------------------,
icc_flits_saved\s*=\s*(.*),
APPS,QV100-SASS
backprop-rodinia-2.0-ft/4096___data_result_4096_txt--final_kernel,0
bfs-rodinia-2.0-ft/__data_graph4096_txt___data_graph4096_result_txt--final_kernel,0
hotspot-rodinia-2.0-ft/30_6_40___data_result_30_6_40_txt--final_kernel,0
heartwall-rodinia-2.0-ft/__data_test_avi_1___data_result_1_txt--final_kernel,0
lud-rodinia-2.0-ft/_v__b__i___data_64_dat--final_kernel,0
nw-rodinia-2.0-ft/128_10___data_result_128_10_txt--final_kernel,0
nn-rodinia-2.0-ft/__data_filelist_4_3_30_90___data_filelist_4_3_30_90_result_txt--final_kernel,0
pathfinder-rodinia-2.0-ft/1000_20_5___data_result_1000_20_5_txt--final_kernel,0
srad_v2-rodinia-2.0-ft/__data_matrix128x128_txt_0_127_0_127__5_2___data_result_matrix128x128_1_150_1_100__5_2_txt--final_kernel,0
streamcluster-rodinia-2.0-ft/3_6_16_1024_1024_100_none_output_txt_1___data_result_3_6_16_1024_1024_100_none_1_txt--final_kernel,0

----------------------------------------------------------------------------------------------------,
gpu_ipc\s*=\s*(.*),
APPS,QV100-SASS
backprop-rodinia-2.0-ft/4096___data_result_4096_txt--final_kernel,397.4554
bfs-rodinia-2.0-ft/__data_graph4096_txt___data_graph4096_result_txt--final_kernel,8.5076
hotspot-rodinia-2.0-ft/30_6_40___data_result_30_6_40_txt--final_kernel,508.3972
heartwall-rodinia-2.0-ft/__data_test_avi_1___data_result_1_txt--final_kernel,777.7446
lud-rodinia-2.0-ft/_v__b__i___data_64_dat--final_kernel,0.9389
nw-rodinia-2.0-ft/128_10___data_result_128_10_txt--final_kernel,1.0253
nn-rodinia-2.0-ft/__data_filelist_4_3_30_90___data_filelist_4_3_30_90_result_txt--final_kernel,223.0866
pathfinder-rodinia-2.0-ft/1000_20_5___data_result_1000_20_5_txt--final_kernel,30.8745
srad_v2-rodinia-2.0-ft/__data_matrix128x128_txt_0_127_0_127__5_2___data_result_matrix128x128_1_150_1_100__5_2_txt--final_kernel,217.0540
streamcluster-rodinia-2.0-ft/3_6_16_1024_1024_100_none_output_txt_1___data_result_3_6_16_1024_1024_100_none_1_txt--final_kernel,17.3164

----------------------------------------------------------------------------------------------------,
gpu_occupancy\s*=\s*(.*)%,
APPS,QV100-SASS
backprop-rodinia-2.0-ft/4096___data_result_4096_txt--final_kernel,36.7880
bfs-rodinia-2.0-ft/__data_graph4096_txt___data_graph4096_result_txt--final_kernel,24.3413
hotspot-rodinia-2.0-ft/30_6_40___data_result_30_6_40_txt--final_kernel,12.1941
heartwall-rodinia-2.0-ft/__data_test_avi_1___data_result_1_txt--final_kernel,21.9210
lud-rodinia-2.0-ft/_v__b__i___data_64_dat--final_kernel,1.5625
nw-rodinia-2.0-ft/128_10___data_result_128_10_txt--final_kernel,1.5625
nn-rodinia-2.0-ft/__data_filelist_4_3_30_90___data_filelist_4_3_30_90_result_txt--final_kernel,16.6500
pathfinder-rodinia-2.0-ft/1000_20_5___data_result_1000_20_5_txt--final_kernel,12.2322
srad_v2-rodinia-2.0-ft/__data_matrix128x128_txt_0_127_0_127__5_2___data_result_matrix128x128_1_150_1_100__5_2_txt--final_kernel,12.3871
streamcluster-rodinia-2.0-ft/3_6_16_1024_1024_100_none_output_txt_1___data_result_3_6_16_1024_1024_100_none_1_txt--final_kernel,23.2960

----------------------------------------------------------------------------------------------------,
L2_BW\s*=\s*(.*)\s*GB\/Sec,
APPS,QV100-SASS
backprop-rodinia-2.0-ft/4096___data_result_4096_txt--final_kernel,196.7858
bfs-rodinia-2.0-ft/__data_graph4096_txt___data_graph4096_result_txt--final_kernel,0.8755
hotspot-rodinia-2.0-ft/30_6_40___data_result_30_6_40_txt--final_kernel,7.5111
heartwall-rodinia-2.0-ft/__data_test_avi_1___data_result_1_txt--final_kernel,151.2191
lud-rodinia-2.0-ft/_v__b__i___data_64_dat--final_kernel,0.4702
nw-rodinia-2.0-ft/128_10___data_result_128_10_txt--final_kernel,0.4403
nn-rodinia-2.0-ft/__data_filelist_4_3_30_90___data_filelist_4_3_30_90_result_txt--final_kernel,103.8004
pathfinder-rodinia-2.0-ft/1000_20_5___data_result_1000_20_5_txt--final_kernel,3.9596
srad_v2-rodinia-2.0-ft/__data_matrix128x128_txt_0_127_0_127__5_2___data_result_matrix128x128_1_150_1_100__5_2_txt--final_kernel,78.9748
streamcluster-rodinia-2.0-ft/3_6_16_1024_1024_100_none_output_txt_1___data_result_3_6_16_1024_1024_100_none_1_txt--final_kernel,16.6760

----------------------------------------------------------------------------------------------------,
Packet latency average\s*=\s*(.*),
APPS,QV100-SASS
backprop-rodinia-2.0-ft/4096___data_result_4096_txt--final_kernel,27.8312 (2 samples)
bfs-rodinia-2.0-ft/__data_graph4096_txt___data_graph4096_result_txt--final_kernel,5.79825 (16 samples)
hotspot-rodinia-2.0-ft/30_6_40___data_result_30_6_40_txt--final_kernel,47.2874 (7 samples)
heartwall-rodinia-2.0-ft/__data_test_avi_1___data_result_1_txt--final_kernel,6.60518 (1 samples)
lud-rodinia-2.0-ft/_v__b__i___data_64_dat--final_kernel,12.1403 (10 samples)
nw-rodinia-2.0-ft/128_10___data_result_128_10_txt--final_kernel,5.14235 (15 samples)
nn-rodinia-2.0-ft/__data_filelist_4_3_30_90___data_filelist_4_3_30_90_result_txt--final_kernel,45.0832 (4 samples)
pathfinder-rodinia-2.0-ft/1000_20_5___data_result_1000_20_5_txt--final_kernel,5.47926 (4 samples)
srad_v2-rodinia-2.0-ft/__data_matrix128x128_txt_0_127_0_127__5_2___data_result_matrix128x128_1_150_1_100__5_2_txt--final_kernel,13.7532 (4 samples)
streamcluster-rodinia-2.0-ft/3_6_16_1024_1024_100_none_output_txt_1___data_result_3_6_16_1024_1024_100_none_1_txt--final_kernel,5.52458 (130 samples)

----------------------------------------------------------------------------------------------------,
gpgpu_simulation_rate\s+=\s+(.*)\s+\(inst\/sec\),
APPS,QV100-SASS
backprop-rodinia-2.0-ft/4096___data_result_4096_txt--final_kernel,654614
bfs-rodinia-2.0-ft/__data_graph4096_txt___data_graph4096_result_txt--final_kernel,86499
hotspot-rodinia-2.0-ft/30_6_40___data_result_30_6_40_txt--final_kernel,1476090
heartwall-rodinia-2.0-ft/__data_test_avi_1___data_result_1_txt--final_kernel,814385
lud-rodinia-2.0-ft/_v__b__i___data_64_dat--final_kernel,38080
nw-rodinia-2.0-ft/128_10___data_result_128_10_txt--final_kernel,45787
nn-rodinia-2.0-ft/__data_filelist_4_3_30_90___data_filelist_4_3_30_90_result_txt--final_kernel,239804
pathfinder-rodinia-2.0-ft/1000_20_5___data_result_1000_20_5_txt--final_kernel,264910
srad_v2-rodinia-2.0-ft/__data_matrix128x128_txt_0_127_0_127__5_2___data_result_matrix128x128_1_150_1_100__5_2_txt--final_kernel,777732
streamcluster-rodinia-2.0-ft/3_6_16_1024_1024_100_none_output_txt_1___data_result_3_6_16_1024_1024_100_none_1_txt--final_kernel,261102

----------------------------------------------------------------------------------------------------,
gpgpu_simulation_rate\s+=\s+(.*)\s+\(cycle\/sec\),
APPS,QV100-SASS
backprop-rodinia-2.0-ft/4096___data_result_4096_txt--final_kernel,945
bfs-rodinia-2.0-ft/__data_graph4096_txt___data_graph4096_result_txt--final_kernel,8801
hotspot-rodinia-2.0-ft/30_6_40___data_result_30_6_40_txt--final_kernel,2376
heartwall-rodinia-2.0-ft/__data_test_avi_1___data_result_1_txt--final_kernel,1047
lud-rodinia-2.0-ft/_v__b__i___data_64_dat--final_kernel,11675
nw-rodinia-2.0-ft/128_10___data_result_128_10_txt--final_kernel,10615
nn-rodinia-2.0-ft/__data_filelist_4_3_30_90___data_filelist_4_3_30_90_result_txt--final_kernel,1089
pathfinder-rodinia-2.0-ft/1000_20_5___data_result_1000_20_5_txt--final_kernel,7871
srad_v2-rodinia-2.0-ft/__data_matrix128x128_txt_0_127_0_127__5_2___data_result_matrix128x128_1_150_1_100__5_2_txt--final_kernel,2148
streamcluster-rodinia-2.0-ft/3_6_16_1024_1024_100_none_output_txt_1___data_result_3_6_16_1024_1024_100_none_1_txt--final_kernel,15112

----------------------------------------------------------------------------------------------------,
gpgpu_silicon_slowdown\s*=\s*(.*)x,
APPS,QV100-SASS
backprop-rodinia-2.0-ft/4096___data_result_4096_txt--final_kernel,1197883
bfs-rodinia-2.0-ft/__data_graph4096_txt___data_graph4096_result_txt--final_kernel,128621
hotspot-rodinia-2.0-ft/30_6_40___data_result_30_6_40_txt--final_kernel,476430
heartwall-rodinia-2.0-ft/__data_test_avi_1___data_result_1_txt--final_kernel,1081184
lud-rodinia-2.0-ft/_v__b__i___data_64_dat--final_kernel,96959
nw-rodinia-2.0-ft/128_10___data_result_128_10_txt--final_kernel,106641
nn-rodinia-2.0-ft/__data_filelist_4_3_30_90___data_filelist_4_3_30_90_result_txt--final_kernel,1039485
pathfinder-rodinia-2.0-ft/1000_20_5___data_result_1000_20_5_txt--final_kernel,143819
srad_v2-rodinia-2.0-ft/__data_matrix128x128_txt_0_127_0_127__5_2___data_result_matrix128x128_1_150_1_100__5_2_txt--final_kernel,527001
streamcluster-rodinia-2.0-ft/3_6_16_1024_1024_100_none_output_txt_1___data_result_3_6_16_1024_1024_100_none_1_txt--final_kernel,74907

----------------------------------------------------------------------------------------------------,
gpu_tot_ipc\s*=\s*(.*),
APPS,QV100-SASS
backprop-rodinia-2.0-ft/4096___data_result_4096_txt--final_kernel,692.5300
bfs-rodinia-2.0-ft/__data_graph4096_txt___data_graph4096_result_txt--final_kernel,9.8276
hotspot-rodinia-2.0-ft/30_6_40___data_result_30_6_40_txt--final_kernel,621.1595
heartwall-rodinia-2.0-ft/__data_test_avi_1___data_result_1_txt--final_kernel,777.7446
lud-rodinia-2.0-ft/_v__b__i___data_64_dat--final_kernel,3.2615
nw-rodinia-2.0-ft/128_10___data_result_128_10_txt--final_kernel,4.3132
nn-rodinia-2.0-ft/__data_filelist_4_3_30_90___data_filelist_4_3_30_90_result_txt--final_kernel,220.0766
pathfinder-rodinia-2.0-ft/1000_20_5___data_result_1000_20_5_txt--final_kernel,33.6533
srad_v2-rodinia-2.0-ft/__data_matrix128x128_txt_0_127_0_127__5_2___data_result_matrix128x128_1_150_1_100__5_2_txt--final_kernel,362.0367
streamcluster-rodinia-2.0-ft/3_6_16_1024_1024_100_none_output_txt_1___data_result_3_6_16_1024_1024_100_none_1_txt--final_kernel,17.2768

